age,diffFit0,diffFit1,lmFit0,lmFit1,bartFit0,bartFit1,trueFit0,trueFit1
27.824683627000148,179.97195772156314,175.0742916401705,178.46840119535796,173.69579861599917,177.12834896163497,174.80860668224156,177.021014016253,174.873797100201
36.47879347717394,179.97195772156314,175.0742916401705,180.00974116470604,175.23713858534725,176.9577401976973,173.64356772206082,176.468286772045,173.036169332575
47.70276264967059,179.97195772156314,175.0742916401705,182.00878584981044,177.23618327045165,184.89427260849854,177.30062603005888,186.390102981139,177.302026689382
25.956994606029717,179.97195772156314,175.0742916401705,178.13575649958068,173.3631539202219,177.8465422104328,175.85387527349002,178.077347863656,175.856039519822
34.357985947592084,179.97195772156314,175.0742916401705,179.63201480471844,174.85941222535965,176.47962832966525,173.6066372737798,175.943045503092,173.073570922551
36.059362275048755,179.97195772156314,175.0742916401705,179.93503838332012,175.16243580396133,176.68447050960754,173.338662583066,176.33038269986,173.022299147811
40.66363783417387,179.97195772156314,175.0742916401705,180.7550827405141,175.9824801611553,179.70295825172852,174.29475286208688,178.762985831193,173.748790090291
33.08241580662528,179.97195772156314,175.0742916401705,179.40482942389738,174.6322268445386,175.94356247313863,173.27115865980787,175.833715982999,173.225178436765
50.87579149322342,179.97195772156314,175.0742916401705,182.5739180546396,177.8013154752808,189.95175983289244,181.29029900543216,191.373286753734,179.869411320713
33.88970390304268,179.97195772156314,175.0742916401705,179.54861144554135,174.77600886618256,176.70111617445332,173.81773698048815,175.884882758183,173.117962108072
38.34120600634044,179.97195772156314,175.0742916401705,180.34144609107247,175.56884351171368,178.85929393703287,174.99226354041522,177.283267790226,173.22440849594
42.85402221970929,179.97195772156314,175.0742916401705,181.14520108429662,176.37259850493783,180.60297242587765,173.8079885646579,180.629911421662,174.537944505545
31.858437155969497,179.97195772156314,175.0742916401705,179.18683274387527,174.41423016451648,175.81604036803205,173.1858450266583,175.874690555594,173.461830415649
26.68264818440869,179.97195772156314,175.0742916401705,178.26499900789406,173.49239642853527,177.20382380024094,175.40498138605852,177.627414022962,175.449711028075
49.2578316824686,179.97195772156314,175.0742916401705,182.28575137218579,177.513148792827,187.991233902741,179.7612230338391,188.7123372832,178.485292443759
18,179.97195772156314,175.0742916401705,176.71857621940265,171.94597364004386,185.4522284641953,180.38444263352895,186.305335341328,182.370505775909
42.02883664737011,179.97195772156314,175.0742916401705,180.9982314332527,176.2256288538939,181.63359992727433,175.64089565868642,179.872865472773,174.207072298863
35.28645374412181,179.97195772156314,175.0742916401705,179.797379533133,175.02477695377422,176.61091077101403,173.44741693710776,176.120202940235,173.024204510934
43.10262953701666,179.97195772156314,175.0742916401705,181.18947928291811,176.41687670355932,182.24929654935306,174.8118226543767,180.870719214552,174.645583594112
38.458121236316934,179.97195772156314,175.0742916401705,180.36226927452034,175.58966669516155,178.85929393703287,174.9922635404152,177.345463796489,173.243122048727
51.72655364199316,179.97195772156314,175.0742916401705,182.72544302104396,177.95284044168517,191.70206357047508,182.73318246753024,192.872627038689,180.659807480679
25.40059344284903,179.97195772156314,175.0742916401705,178.03665868748334,173.26405610812455,178.10464987062565,175.8783383773936,178.456352816454,176.188854336806
47.717105602320565,179.97195772156314,175.0742916401705,182.01134040095212,177.23873782159333,184.89427260849854,177.30062603005888,186.410468037461,177.312281785282
50.63721313778603,179.97195772156314,175.0742916401705,182.53142606396423,177.75882348460544,189.9517598328924,181.29029900543216,190.96522086966,179.655506694908
35.03950221462514,179.97195772156314,175.0742916401705,179.75339623854873,174.98079365918994,176.33591795076538,173.39832762033345,176.065057872169,173.032319128398
18,179.97195772156314,175.0742916401705,176.71857621940265,171.94597364004386,185.4522284641953,180.38444263352895,186.305335341328,182.370505775909
38.81789842090893,179.97195772156314,175.0742916401705,180.42634737894377,175.65374479958498,177.78299442245233,173.63655563714687,177.545034186789,173.305819445975
30.227534650948773,179.97195772156314,175.0742916401705,178.89636090325635,174.12375832389756,176.35507646612433,173.92682399364654,176.151302771298,173.915919219228
41.33762616239719,179.97195772156314,175.0742916401705,180.87512341103366,176.10252083167487,180.47938063069108,174.68269034521893,179.288710878536,173.961156714769
37.31709368141878,179.97195772156314,175.0742916401705,180.15904659686313,175.38644401750435,176.86647668021985,173.0577200829192,176.794185320647,173.095313141328
40.911508830097,179.97195772156314,175.0742916401705,180.79922979663806,176.02662721727927,179.7164820463897,174.2305373366325,178.951293995612,173.823743870286
37.55168320878119,179.97195772156314,175.0742916401705,180.20082815743658,175.4282255780778,177.61414668292767,173.96527538134143,176.897385974243,173.119364766395
43.60931483049604,179.97195772156314,175.0742916401705,181.2797224515676,176.50711987220882,182.72329720859602,175.0119625184563,181.37975654821,174.876367398064
32.72673823609403,179.97195772156314,175.0742916401705,179.34148148111046,174.56887890175167,175.8549312189371,173.2332519810635,175.830896540491,173.284743511452
28.78659780816194,179.97195772156314,175.0742916401705,178.63972289108125,173.86712031172246,177.07837887720328,175.16278780008997,176.606757583994,174.449030072365
30.23471601046579,179.97195772156314,175.0742916401705,178.8976399390728,174.125037359714,176.35507646612433,173.92682399364654,176.149528750722,173.913572220122
21.192161766831738,179.97195772156314,175.0742916401705,177.28711609294535,172.51451351358656,182.6314151183816,178.80101537967505,182.279188185054,179.303759608159
27.779324161890496,179.97195772156314,175.0742916401705,178.46032244921628,173.6877198698575,177.128348961635,174.80860668224156,177.042727074721,174.895188806448
30.527504680796273,179.97195772156314,175.0742916401705,178.94978705621895,174.17718447686016,176.35426176044842,173.82201808120692,176.08138870985,173.820501002273
33.02789946133188,179.97195772156314,175.0742916401705,179.39511979189152,174.62251721253273,175.94356247313863,173.27115865980787,175.832500958803,173.233818954085
31.93131017254845,179.97195772156314,175.0742916401705,179.19981179025726,174.42720921089847,175.82434392236354,173.19890093032058,175.868251123182,173.445240738616
19.32717459866297,179.97195772156314,175.0742916401705,176.95495261057843,172.18235003121964,183.33479357472754,178.80961240467923,184.513398515201,181.021708966164
28.266359518915134,179.97195772156314,175.0742916401705,178.5470658665364,173.7744632871776,177.04813393314856,175.1937030277131,176.819846055562,174.671911753728
50.22837973878115,179.97195772156314,175.0742916401705,182.4586108039779,177.68600822461912,188.8316457263936,180.4607242623417,190.278570711731,179.296842894619
39.9799514409659,179.97195772156314,175.0742916401705,180.633314796428,175.86071221706922,179.4589736350478,174.32247739278736,178.273956906036,173.561030717978
50.92736348464251,179.97195772156314,175.0742916401705,182.583103282589,177.81050070323022,189.95175983289244,181.29029900543216,191.462209320576,179.9160956938
32.55613020126837,179.97195772156314,175.0742916401705,179.31109534230228,174.5384927629435,175.78652425062336,173.16467711540633,175.833825556049,173.315991006893
34.27324611839393,179.97195772156314,175.0742916401705,179.61692222003902,174.84431964068023,176.47962832966525,173.6066372737798,175.930970662655,173.080635298243
33.526708387589906,179.97195772156314,175.0742916401705,179.48396014039872,174.71135756103993,175.88783126703683,173.08763769052717,175.854185527615,173.161365352023
25.409857877540702,179.97195772156314,175.0742916401705,178.03830872933986,173.26570614998107,178.10464987062565,175.8783383773936,178.449800439227,176.183161693361
28.29370281918365,179.97195772156314,175.0742916401705,178.5519358441918,173.779333264833,177.0481339331486,175.1937030277131,176.808003652841,174.659795620291
51.5304108458499,179.97195772156314,175.0742916401705,182.69050901435472,177.91790643499593,191.49773529713508,182.54302269478433,192.520832383165,180.473755478537
30.502023573260047,179.97195772156314,175.0742916401705,178.945248744343,174.1726461649842,176.35426176044842,173.82201808120692,176.086994084762,173.828397907255
45.205724094807366,179.97195772156314,175.0742916401705,181.56405087460828,176.7914482952495,183.5778720865698,176.05144899782164,183.143668426055,175.703553603545
26.619418984040152,179.97195772156314,175.0742916401705,178.25373757310234,173.48113499374355,177.20382380024094,175.40498138605852,177.664621424871,175.483867864017
19.272974068421398,179.97195772156314,175.0742916401705,176.9452992268027,172.1726966474439,183.33479357472754,178.80961240467923,184.583289532297,181.074736305306
32.41623124992022,179.97195772156314,175.0742916401705,179.28617864386467,174.51357606450588,175.78652425062336,173.16467711540633,175.838298700738,173.342908610666
42.48690021446907,179.97195772156314,175.0742916401705,181.07981483081699,176.3072122514582,180.83132007304397,174.34349952185553,180.285085801856,174.385729010669
44.113838421872664,179.97195772156314,175.0742916401705,181.36958061033044,176.59697803097166,182.67379032304055,175.03246008969683,181.910949176087,175.121370989478
48.37295013860796,179.97195772156314,175.0742916401705,182.1281495719656,177.3555469926068,185.55477410976388,177.85124202642209,187.362637415717,177.794304535478
20.694062345881164,179.97195772156314,175.0742916401705,177.19840211085918,172.4257995315004,182.9265791656453,179.07712379239356,182.843434443048,179.742297641478
51.249940150041994,179.97195772156314,175.0742916401705,182.640555789683,177.8679532103242,190.69551340141982,181.84113693448657,192.024164368695,180.211697751623
29.374845336048914,179.97195772156314,175.0742916401705,178.7444926989875,173.9718901196287,176.56826139351242,174.28042379451466,176.396905273678,174.216444590372
36.265318100480975,179.97195772156314,175.0742916401705,179.97172013928977,175.19911755993098,176.68447050960754,173.338662583066,176.396002095859,173.027799614386
39.04987837984576,179.97195772156314,175.0742916401705,180.46766416241283,175.69506158305404,178.30065097966448,173.9330972825901,177.680260520382,173.350337072363
28.440039155070416,179.97195772156314,175.0742916401705,178.57799907280517,173.80539649344638,177.0481339331486,175.1937030277131,176.745837184995,174.595709732183
19.00922404028701,179.97195772156314,175.0742916401705,176.89832403613391,172.12572145677512,184.86713848522618,180.29131566588194,184.927391136485,181.335276551441
31.165659268386875,179.97195772156314,175.0742916401705,179.0634455594625,174.29084298010372,175.95219319064205,173.39072968890306,175.961200441547,173.635350388958
35.67343923457794,179.97195772156314,175.0742916401705,179.8663035720376,175.0937009926788,176.83375493430069,173.53495223303702,176.218315931038,173.018799677987
27.836107114693526,179.97195772156314,175.0742916401705,178.4704357752831,173.69783319592432,177.12834896163497,174.80860668224156,177.01557665327,174.86842906885
27.629794675938104,179.97195772156314,175.0742916401705,178.43369050470847,173.66108792534968,177.12834896163497,174.80860668224156,177.11569470497,174.96657599566
37.64359602772252,179.97195772156314,175.0742916401705,180.21719828723414,175.44459570787535,177.61414668292767,173.96527538134143,176.939251238245,173.129682612331
33.86671352851135,179.97195772156314,175.0742916401705,179.5445167455908,174.77191416623202,176.70111617445332,173.81773698048815,175.88256581118,173.120478100572
38.47878209202159,179.97195772156314,175.0742916401705,180.36594907559174,175.59334649623295,178.85929393703287,174.9922635404152,177.356590396981,173.246513753805
34.570218991862525,179.97195772156314,175.0742916401705,179.6698145645567,174.8972119851979,176.40532307834766,173.49219009732758,175.97629260644,173.057756365212
27.743116995252088,179.97195772156314,175.0742916401705,178.45387377291303,173.68127119355424,177.128348961635,174.80860668224156,177.060199855398,174.912352266334
45.42809785937813,179.97195772156314,175.0742916401705,181.6036567471245,176.8310541677657,183.5778720865698,176.05144899782164,183.408660183255,175.830830954817
41.17431820431889,179.97195772156314,175.0742916401705,180.84603745217058,176.0734348728118,180.47938063069105,174.68269034521893,179.157350538358,173.90721465697
43.420204762461154,179.97195772156314,175.0742916401705,181.24604100870235,176.47343842934356,182.72329720859602,175.0119625184563,181.186904925318,174.788442182641
23.71969327469033,179.97195772156314,175.0742916401705,177.73728201460523,172.96467943524644,179.64372707275805,177.15883042950443,179.780656952841,177.306371370568
42.96787671822201,179.97195772156314,175.0742916401705,181.16547913626104,176.39287655690225,182.2492965493531,174.81182265437673,180.739462409904,174.586782664572
21.433880772967804,179.97195772156314,175.0742916401705,177.33016744911703,172.55756486975824,182.3908890726638,178.7193880101946,182.013896392985,179.096274163907
30.733022859622427,179.97195772156314,175.0742916401705,178.98639086515325,174.21378828579446,176.35426176044842,173.82201808120692,176.038442236864,173.758223261359
24.021844390855357,179.97195772156314,175.0742916401705,177.79109662987946,173.01849405052067,179.71526262245578,177.04814883334117,179.522741515245,177.093076222648
18,179.97195772156314,175.0742916401705,176.71857621940265,171.94597364004386,185.4522284641953,180.38444263352895,186.305335341328,182.370505775909
49.576980150028454,179.97195772156314,175.0742916401705,182.34259330020873,177.56999072084994,188.13594498243987,179.87333448472907,189.21745386204,178.745961560681
29.77285271344977,179.97195772156314,175.0742916401705,178.8153797907282,174.0427772113694,176.22016732779733,173.85639307448125,176.273636987498,174.070776025294
32.722550245159454,179.97195772156314,175.0742916401705,179.34073557911356,174.56813299975477,175.8549312189371,173.2332519810635,175.830935206677,173.285489786517
31.904403170840553,179.97195772156314,175.0742916401705,179.1950195195436,174.4224169401848,175.81604036803205,173.18584502665828,175.870569788322,173.451329307873
38.09355979716858,179.97195772156314,175.0742916401705,180.29733907058596,175.52473649122717,177.20574008682684,173.55505812173854,177.155831101805,173.18746062989
47.80312681231619,179.97195772156314,175.0742916401705,182.02666120591917,177.25405862656038,184.89427260849854,177.30062603005888,186.533018213591,177.374043554039
48.44923964613453,179.97195772156314,175.0742916401705,182.14173711236296,177.36913453300417,186.44749408526297,178.5884220761193,187.476059496622,177.852039220415
25.53114889418194,179.97195772156314,175.0742916401705,178.0599112621374,173.28730868277862,178.10464987062565,175.8783383773936,178.364771058224,176.109104889982
24.13234197149441,179.97195772156314,175.0742916401705,177.81077679808902,173.03817421873023,179.71526262245578,177.04814883334117,179.430595259122,177.016432415991
22.89863364223197,179.97195772156314,175.0742916401705,177.59104721395718,172.8184446345984,180.04320765935526,177.49195688245047,180.525486084684,177.913459679715
24.975160805046414,179.97195772156314,175.0742916401705,177.96088702058023,173.18828444122144,178.39779400372663,176.10046264492183,178.766063195426,176.455777973482
50.674856617164835,179.97195772156314,175.0742916401705,182.53813055470405,177.76552797534526,189.9517598328924,181.29029900543216,191.029245836423,179.689031672882
35.06116697706214,179.97195772156314,175.0742916401705,179.75725484039788,174.9846522610391,176.33591795076538,173.39832762033342,176.069662950919,173.031461785121
28.259078419282936,179.97195772156314,175.0742916401705,178.5457690665098,173.773166487151,177.0481339331486,175.1937030277131,176.82301152612,174.675145606629
30.19071915878121,179.97195772156314,175.0742916401705,178.8898038811534,174.1172013017946,176.35507646612433,173.92682399364654,176.160474586035,173.927999465111
43.59567525130276,179.97195772156314,175.0742916401705,181.27729317473387,176.50469059537508,182.72329720859602,175.0119625184563,181.365732986425,174.869954458028
37.08478268073727,179.97195772156314,175.0742916401705,180.1176708532143,175.3450682738555,176.86647668021985,173.05772008291916,176.697159065096,173.074727643144
32.485824158624645,179.97195772156314,175.0742916401705,179.29857348673428,174.5259709073755,175.78652425062336,173.16467711540633,175.835840224119,173.329372599187
29.00295923613538,179.97195772156314,175.0742916401705,178.67825793657227,173.90565535721348,176.4573098772827,174.39150941534066,176.525735793377,174.361085625296
28.10241336251355,179.97195772156314,175.0742916401705,178.51786624138055,173.74526366202176,176.9585886357078,174.96923557360853,176.892346657744,174.745492825391
51.38432242438784,179.97195772156314,175.0742916401705,182.66448994053238,177.8918873611736,191.49773529713508,182.54302269478433,192.261197429081,180.336672731628
42.519360620907,179.97195772156314,175.0742916401705,181.0855961905097,176.31299361115092,180.83132007304397,174.34349952185553,180.315056797336,174.398863940964
51.0694969273228,179.97195772156314,175.0742916401705,182.60841795503677,177.83581537567798,190.69551340141984,181.84113693448657,191.708594517163,180.045579274165
31.629011420757177,179.97195772156314,175.0742916401705,179.1459708803443,174.3733683009855,175.81604036803205,173.18584502665828,175.89827087092,173.516126536248
32.19332461481713,179.97195772156314,175.0742916401705,179.24647786445863,174.47387528509984,175.8243439223635,173.19890093032058,175.849282179349,173.388207661259
26.780955215305944,179.97195772156314,175.0742916401705,178.28250797861585,173.50990539925706,177.20382380024094,175.40498138605852,177.570322191011,175.397078175653
32.995846986237666,179.97195772156314,175.0742916401705,179.38941108679828,174.6168085074395,175.85493121893708,173.23325198106352,175.8319189036,173.238981774449
38.77487572893555,179.97195772156314,175.0742916401705,180.41868482370984,175.64608224435105,177.78299442245233,173.63655563714687,177.520519450974,173.297915865833
45.87151856798492,179.97195772156314,175.0742916401705,181.6826321788263,176.91002959946752,183.32125315509032,175.82158145015666,183.951140006483,176.093424625625
39.513348821469116,179.97195772156314,175.0742916401705,180.5502105511984,175.77760797183961,178.50747151631188,173.81459844374186,177.965797191582,173.44888422493
38.64784072384977,179.97195772156314,175.0742916401705,180.39605925802658,175.6234566786678,177.78299442245233,173.63655563714687,177.44916382324,173.275222438225
44.84762930416733,179.97195772156314,175.0742916401705,181.50027241290806,176.72766983354927,183.26980507127993,175.6910076486166,182.726856263988,175.50479001443
44.17709478181696,179.97195772156314,175.0742916401705,181.38084688237754,176.60824430301875,182.67379032304055,175.0324600896968,181.979261837653,175.153159510255
35.852784327419336,179.97195772156314,175.0742916401705,179.8982458242956,175.1256432449368,176.83375493430069,173.53495223303702,176.268628683235,173.019321811927
28.733466743931018,179.97195772156314,175.0742916401705,178.63025998451653,173.85765740515774,177.07837887720328,175.16278780009,176.62733655154,174.471052979302
44.92959861661899,179.97195772156314,175.0742916401705,181.51487155478736,176.74226897542857,183.26980507127993,175.6910076486166,182.821186958624,175.549613250232
36.110867352828116,179.97195772156314,175.0742916401705,179.94421169361777,175.17160911425898,176.68447050960754,173.338662583066,176.346413364354,173.023437619424
48.68505270589259,179.97195772156314,175.0742916401705,182.1837365901362,177.4111340107774,186.44749408526297,178.5884220761193,187.830159800133,178.032692160754
31.55487220221606,179.97195772156314,175.0742916401705,179.1327663171007,174.3601637377419,175.81604036803205,173.18584502665828,175.906964044573,173.534343124726
26.646163352583528,179.97195772156314,175.0742916401705,178.25850087804122,173.48589829868243,177.20382380024094,175.40498138605852,177.648837097824,175.469391297872
39.30063619664423,179.97195772156314,175.0742916401705,180.5123253756802,175.73972279632142,178.5074715163119,173.81459844374186,177.83220497184,173.402065775554
29.64331210279817,179.97195772156314,175.0742916401705,178.79230796424255,174.01970538488376,176.56826139351242,174.28042379451466,176.312099172151,174.117150756094
40.110444891506475,179.97195772156314,175.0742916401705,180.65655632843286,175.88395374907407,179.44754382300871,174.20462391953677,178.363854421694,173.594716507737
21.208081324059467,179.97195772156314,175.0742916401705,177.28995144519698,172.5173488658382,182.6314151183816,178.80101537967505,182.26154472579,179.289987537896
21.06055935727275,179.97195772156314,175.0742916401705,177.26367704982857,172.49107447046978,182.6314151183816,178.80101537967505,182.425967334155,179.418187944641
40.51843338626395,179.97195772156314,175.0742916401705,180.72922110677413,175.95661852741534,179.7029582517285,174.29475286208685,178.655395268182,173.706582669853
37.64770541738773,179.97195772156314,175.0742916401705,180.21793018995436,175.44532761059557,177.61414668292767,173.9652753813414,176.941141834909,173.130155679266
41.96854167158444,179.97195772156314,175.0742916401705,180.9874925984403,176.2148900190815,181.63359992727433,175.64089565868642,179.820095164482,174.184487136207
18.870035342292518,179.97195772156314,175.0742916401705,176.87353383734808,172.1009312579893,184.86713848522618,180.29131566588194,185.111658037517,181.47444278845
44.700632828082895,179.97195772156314,175.0742916401705,181.47409161004506,176.70148903068628,182.8614458143204,175.3571816760934,182.559296870602,175.425411063053
44.60395759057551,179.97195772156314,175.0742916401705,181.4568732698349,176.6842706904761,182.8614458143204,175.3571816760934,182.45022128782,175.373907921489
43.25654660748349,179.97195772156314,175.0742916401705,181.21689267803126,176.44429009867247,182.24929654935306,174.8118226543767,181.022761704931,174.71407120694
41.29128204941773,179.97195772156314,175.0742916401705,180.86686929421333,176.09426671485454,180.47938063069105,174.68269034521893,179.251174502474,173.945687301018
51.880588110234186,179.97195772156314,175.0742916401705,182.7528773252841,177.9802747459253,191.70206357047505,182.73318246753024,193.151469723482,180.807524972862
23.369521225493692,179.97195772156314,175.0742916401705,177.67491463252668,172.9023120531679,179.88872455642576,177.31621428230133,180.090455024106,177.560373109259
30.335169214954803,179.97195772156314,175.0742916401705,178.9155311539763,174.1429285746175,176.35507646612433,173.92682399364654,176.12522922872,173.881064510325
38.27779186040244,179.97195772156314,175.0742916401705,180.3301517165558,175.55754913719701,178.85929393703287,174.99226354041522,177.25007831517,173.214599172769
28.544146916686095,179.97195772156314,175.0742916401705,178.59654118249358,173.8239386031348,177.0481339331486,175.1937030277131,176.702853477579,174.55089427441
35.68440352683606,179.97195772156314,175.0742916401705,179.8682563669738,175.09565378761502,176.83375493430069,173.53495223303702,176.221303777691,173.018776578814
40.96994534911793,179.97195772156314,175.0742916401705,180.80963763106539,176.0370350517066,179.7164820463897,174.2305373366325,178.996541863465,173.841947949575
29.770615509351327,179.97195772156314,175.0742916401705,178.8149813335609,174.0423787542021,176.22016732779733,173.85639307448125,176.274287660242,174.071568442663
40.256847866415676,179.97195772156314,175.0742916401705,180.68263142578726,175.91002884642847,179.44754382300871,174.20462391953677,178.466645088676,173.633717338753
39.39927388007767,179.97195772156314,175.0742916401705,180.5298932372618,175.757290657903,178.5074715163119,173.81459844374186,177.893616930092,173.42344077969
28.54616513253863,179.97195772156314,175.0742916401705,178.5969006367661,173.8242980574073,177.0481339331486,175.1937030277131,176.702030415599,174.550031872521
27.020962261790118,179.97195772156314,175.0742916401705,178.32525442626624,173.55265184690745,177.00475678460944,175.1357013436968,177.434809822034,175.27100005317
42.80712510741008,179.97195772156314,175.0742916401705,181.1368484755494,176.36424589619062,180.60297242587765,173.8079885646579,180.585146416622,174.518052548846
33.64461455439427,179.97195772156314,175.0742916401705,179.50495981461992,174.73235723526113,175.88783126703683,173.08763769052717,175.862778498065,173.146406146478
40.77753423549976,179.97195772156314,175.0742916401705,180.7753682555778,176.002765676219,179.7164820463897,174.2305373366325,178.848785577733,173.782776498218
28.244651144699976,179.97195772156314,175.0742916401705,178.54319949721284,173.77059691785405,176.9585886357078,174.96923557360853,176.829298742577,174.681562720311
45.21834948000918,179.97195772156314,175.0742916401705,181.5662995184523,176.7936969390935,183.5778720865698,176.05144899782164,183.158587196918,175.710700920288
24.25511560655822,179.97195772156314,175.0742916401705,177.83264339259523,173.06004081323644,179.1714630694457,176.59911741455176,179.329577372973,176.932127158411
41.122725350885574,179.97195772156314,175.0742916401705,180.83684850859277,176.06424592923398,180.47938063069108,174.68269034521893,179.116379376193,173.890503508911
38.71362055984299,179.97195772156314,175.0742916401705,180.40777497369797,175.63517239433918,177.78299442245233,173.63655563714687,177.48592025783,173.286853210182
37.14394622432423,179.97195772156314,175.0742916401705,180.12820817432964,175.35560559497085,176.86647668021985,173.05772008291916,176.721380648877,173.079664938655
40.340181497081936,179.97195772156314,175.0742916401705,180.69747355952032,175.92487098016153,179.44754382300871,174.20462391953677,178.526067166186,173.656487448119
38.18773827091023,179.97195772156314,175.0742916401705,180.31411272476223,175.54151014540344,178.85929393703287,174.99226354041522,177.203605380003,173.20108095722
29.895431752559457,179.97195772156314,175.0742916401705,178.837211726728,174.0646091473692,176.22016732779733,173.85639307448125,176.238715412296,174.027814515001
32.85829676781191,179.97195772156314,175.0742916401705,179.36491270936574,174.59231013000695,175.8549312189371,173.2332519810635,175.830533467278,173.261832787978
37.879036519085695,179.97195772156314,175.0742916401705,180.2591314087248,175.48652882936602,177.20574008682684,173.55505812173854,177.05016681818,173.158409340038
24.497071248474327,179.97195772156314,175.0742916401705,177.87573689477526,173.10313431541647,179.17146306944568,176.59911741455176,179.134704759554,176.768612899208
27.92824312265035,179.97195772156314,175.0742916401705,178.48684565615343,173.71424307679465,176.9585886357078,174.96923557360853,176.972176638437,174.82541763245
51.61675835667717,179.97195772156314,175.0742916401705,182.70588793512138,177.9332853557626,191.49773529713508,182.54302269478433,192.675250104618,180.555378201139
18.206194942392177,179.97195772156314,175.0742916401705,176.75530056329114,171.98269798393235,185.45222846419526,180.38444263352895,186.015911609094,182.154063057918
25.091952277373736,179.97195772156314,175.0742916401705,177.9816881621758,173.209085582817,178.39779400372663,176.10046264492183,178.679321435966,176.381426761439
42.923464717312285,179.97195772156314,175.0742916401705,181.15756913820164,176.38496655884285,182.2492965493531,174.81182265437673,180.696582049326,174.567640118676
43.70929490558462,179.97195772156314,175.0742916401705,181.2975293997738,176.524926820415,182.6565627257767,174.9982951183263,181.48309293948,174.923713712763
41.718818033506075,179.97195772156314,175.0742916401705,180.94301557754213,176.17041299818334,180.54426997078482,174.68169462133844,179.60522802997,174.093253439233
35.4548691094671,179.97195772156314,175.0742916401705,179.82737514661068,175.0547725672519,176.61091077101403,173.44741693710776,176.161146280118,173.020755305726
37.59102440944216,179.97195772156314,175.0742916401705,180.20783502077325,175.43523244141446,177.61414668292767,173.9652753813414,176.915206832244,173.123719449086
27.762650659272374,179.97195772156314,175.0742916401705,178.45735281554406,173.68475023618527,177.128348961635,174.80860668224156,177.05075780942,174.903082921877
29.78252921303904,179.97195772156314,175.0742916401705,178.81710322339066,174.04450064403187,176.22016732779733,173.85639307448125,176.27082815282,174.067352046206
32.90036289631241,179.97195772156314,175.0742916401705,179.3724048958917,174.5998023165329,175.85493121893708,173.23325198106352,175.830765639524,173.254724700058
27.522697272754378,179.97195772156314,175.0742916401705,178.41461592500028,173.6420133456415,177.2031228419895,175.20113278546384,177.169266794395,175.01852467711
41.5692897010734,179.97195772156314,175.0742916401705,180.9163838384819,176.1437812591231,180.54426997078485,174.68169462133844,179.479417580203,174.04040412954
22.0059266123205,179.97195772156314,175.0742916401705,177.432051655784,172.6594490764252,181.6684491967204,178.1305150821481,181.408260932526,178.619117767407
26.756770644157655,179.97195772156314,175.0742916401705,178.2782005863135,173.5055980069547,177.20382380024094,175.40498138605852,177.584281908429,175.40997299116
24.904565504215995,179.97195772156314,175.0742916401705,177.94831364669176,173.17571106733297,178.8662283442148,176.5236049016674,178.819125553572,176.501114247028
38.13747700717184,179.97195772156314,175.0742916401705,180.30516094392615,175.53255836456736,177.20574008682684,173.55505812173854,177.17800390148,173.193746263877
25.948493906770253,179.97195772156314,175.0742916401705,178.1342424827999,173.3616399034411,177.8465422104328,175.85387527349002,178.082916215917,175.860985461611
39.353155872065294,179.97195772156314,175.0742916401705,180.52167939085973,175.74907681150094,178.50747151631188,173.81459844374186,177.864788300487,173.41337472163
44.41287147787657,179.97195772156314,175.0742916401705,181.42283988359537,176.65023730423658,182.8614458143204,175.3571816760934,182.237246903693,175.273746697134
35.2018285539123,179.97195772156314,175.0742916401705,179.78230736622714,175.00970478686835,176.33591795076538,173.39832762033342,176.100650842747,173.026575834495
39.121065357536274,179.97195772156314,175.0742916401705,180.4803429168903,175.7077403375315,178.30065097966448,173.9330972825901,177.722786090164,173.364641234686
29.767121919860628,179.97195772156314,175.0742916401705,178.81435910791186,174.04175652855307,176.22016732779733,173.85639307448125,176.2753046972,174.072806468227
39.02913592662053,179.97195772156314,175.0742916401705,180.46396982841756,175.69136724905877,178.30065097966448,173.9330972825901,177.667960349447,173.3462259551
24.823046221372827,179.97195772156314,175.0742916401705,177.93379465732207,173.16119207796328,178.8662283442148,176.5236049016674,178.880990116486,176.553835451445
34.38583077041074,179.97195772156314,175.0742916401705,179.63697410603226,174.86437152667347,176.47962832966525,173.60663727377977,175.947162680561,173.071343052382
24.237444994564683,179.97195772156314,175.0742916401705,177.82949616878827,173.05689358942948,179.17146306944568,176.59911741455176,179.344028155814,176.94420572917
32.86945951803051,179.97195772156314,175.0742916401705,179.36690085065092,174.59429827129213,175.85493121893708,173.23325198106352,175.830578627792,173.259936291121
43.700503960155764,179.97195772156314,175.0742916401705,181.2959636887079,176.5233611093491,182.6565627257767,174.9982951183263,181.47396865851,174.919526804087
40.604542363321656,179.97195772156314,175.0742916401705,180.74455754349108,175.9719549641323,179.70295825172852,174.29475286208688,178.718955857965,173.731460814026
31.4579238828768,179.97195772156314,175.0742916401705,179.11549933965927,174.34289676030048,176.03758841028278,173.45022875220118,175.919122600049,173.55865840534
28.691840272897117,179.97195772156314,175.0742916401705,178.62284610317016,173.85024352381137,177.07837887720328,175.16278780009,176.643647590511,174.488424766886
28.145794321804498,179.97195772156314,175.0742916401705,178.5255926058041,173.7529900264453,176.9585886357078,174.96923557360853,176.872913246769,174.725867040029
29.02864788301286,179.97195772156314,175.0742916401705,178.68283321223623,173.91023063287744,176.4573098772827,174.39150941534066,176.516412547908,174.350829266524
37.38386896321131,179.97195772156314,175.0742916401705,180.17093960637806,175.39833702701927,176.86647668021985,173.05772008291916,176.823026778636,173.101825414507
26.84358242225292,179.97195772156314,175.0742916401705,178.29366219538767,173.52105961602888,177.00475678460944,175.1357013436968,177.53443201933,175.363848406508
55,179.97195772156314,175.0742916401705,183.308460084204,178.5358575048452,194.51363124496683,186.32745045333473,199.285326846803,184.103325279471
36.74968009123642,179.97195772156314,175.0742916401705,180.05798741679254,175.28538483743375,177.3773651499688,173.503393577738,176.566267805627,173.050700218826
27.267565362391,179.97195772156314,175.0742916401705,178.3691756639327,173.59657308457392,177.2031228419895,175.20113278546384,177.301295181699,175.145033195339
38.07070545297895,179.97195772156314,175.0742916401705,180.29326859831525,175.52066601895646,177.20574008682684,173.5550581217386,177.144365229389,173.184235089158
34.024831429453435,179.97195772156314,175.0742916401705,179.5726783294869,174.80007575012812,176.70111617445332,173.81773698048815,175.899519581747,173.103810940979
32.19561942239815,179.97195772156314,175.0742916401705,179.24688658109244,174.47428400173365,175.82434392236354,173.19890093032058,175.849144964983,173.387726223172
39.7957089690453,179.97195772156314,175.0742916401705,180.60050029661934,175.82789771726056,179.4589736350478,174.32247739278736,178.149796500563,173.515198224735
36.85019262052546,179.97195772156314,175.0742916401705,180.07588919773775,175.30328661837896,177.3773651499688,173.503393577738,176.604403718809,173.057204427021
43.20996957451607,179.97195772156314,175.0742916401705,181.20859707700365,176.43599449764486,182.24929654935306,174.8118226543767,180.976513544196,174.693197088684
30.804409199682347,179.97195772156314,175.0742916401705,178.99910512705944,174.22650254770065,176.35426176044842,173.82201808120692,176.024467429233,173.737180313011
49.36964993717202,179.97195772156314,175.0742916401705,182.30566675900906,177.53306417965027,187.991233902741,179.7612230338391,188.888206682246,178.575930706136
23.52642875398604,179.97195772156314,175.0742916401705,177.70286064307473,172.93025806371594,179.64372707275805,177.1588304295044,179.950192567316,177.445654504408
36.1094893637003,179.97195772156314,175.0742916401705,179.94396626690644,175.17136368754765,176.68447050960754,173.338662583066,176.345981179315,173.023405101695
38.61170981636433,179.97195772156314,175.0742916401705,180.38962416385743,175.61702158449864,177.78299442245233,173.63655563714687,177.429150183109,173.268943736224
44.718192996802706,179.97195772156314,175.0742916401705,181.47721916335612,176.70461658399734,182.8614458143204,175.3571816760934,182.579205100582,175.43482591834
24.404151002166305,179.97195772156314,175.0742916401705,177.85918733715744,173.08658475779865,179.17146306944568,176.59911741455176,179.208882978762,176.830995934586
25.882977792007686,179.97195772156314,175.0742916401705,178.12257373719018,173.3499711578314,177.8465422104328,175.85387527349,178.126063540179,175.899249067159
48.405188563072606,179.97195772156314,175.0742916401705,182.13389139556574,177.36128881620695,185.55477410976388,177.85124202642209,187.410499608256,177.818659738878
38.18516966719369,179.97195772156314,175.0742916401705,180.3136552436761,175.5410526643173,178.85929393703287,174.99226354041522,177.20229117413,173.200702466587
40.72415308033585,179.97195772156314,175.0742916401705,180.76586080657512,175.99325822721633,179.7164820463897,174.2305373366325,178.808418774513,173.766751420018
28.654438915795083,179.97195772156314,175.0742916401705,178.61618473561103,173.84358215625224,177.07837887720328,175.16278780009,176.658443988365,174.50412139419
50.390813177310775,179.97195772156314,175.0742916401705,182.48754100656362,177.71493842720483,189.30145362617142,180.71169075515314,190.54947495959,179.438150682574
35.56351989051244,179.97195772156314,175.0742916401705,179.84672639063524,175.07412381127645,176.61091077101403,173.44741693710776,176.188995727822,173.019427245895
38.75424029050601,179.97195772156314,175.0742916401705,180.41500954958147,175.64240697022268,177.78299442245233,173.63655563714687,177.508823820946,173.294164134755
34.281183247434456,179.97195772156314,175.0742916401705,179.61833586216326,174.84573328280447,176.47962832966525,173.60663727377977,175.932072581295,173.079955448604
42.15321305234801,179.97195772156314,175.0742916401705,181.0203834890453,176.2477809096865,181.63359992727433,175.64089565868642,179.982815230033,174.254345462969
32.010320976068634,179.97195772156314,175.0742916401705,179.21388400699408,174.4412814276353,175.82434392236354,173.19890093032058,175.86184154678,173.427611421939
53.06601522568962,179.97195772156314,175.0742916401705,182.96400778531213,178.19140520595334,193.2371909039757,184.55985588452137,195.373116171614,181.991658328488
47.58481424172005,179.97195772156314,175.0742916401705,181.98777865223119,177.2151760728724,183.92266329019895,176.395492323598,186.223376195838,177.218159544017
19.365426150686897,179.97195772156314,175.0742916401705,176.96176540207804,172.18916282271925,183.33479357472754,178.80961240467923,184.464242167871,180.984390776722
30.045420529600065,179.97195772156314,175.0742916401705,178.863925473261,174.0913228939022,176.22016732779733,173.85639307448125,176.197934465626,173.976464810379
34.760418171051654,179.97195772156314,175.0742916401705,179.70368998353067,174.93108740417188,176.40532307834766,173.49219009732758,176.009737814288,173.045864782708
21.22673262474619,179.97195772156314,175.0742916401705,177.29327333453355,172.52067075517476,182.6314151183816,178.80101537967505,182.240904452985,179.273871441983
26.572345604959764,179.97195772156314,175.0742916401705,178.2453535703655,173.4727509910067,177.20382380024094,175.40498138605852,177.692569474994,175.509451959358
30.434700132792614,179.97195772156314,175.0742916401705,178.9332581050441,174.16065552568531,176.35507646612433,173.92682399364654,176.102101925015,173.849448460999
38.8617151574346,179.97195772156314,175.0742916401705,180.43415135745832,175.66154877809953,177.78299442245233,173.63655563714687,177.570182812796,173.313982295424
35.76739113928526,179.97195772156314,175.0742916401705,179.88303687314294,175.11043429378415,176.83375493430069,173.53495223303702,176.24429026464,173.018834105806
30.297281672411103,179.97195772156314,175.0742916401705,178.908783194374,174.1361806150152,176.35507646612433,173.92682399364654,176.134281153033,173.893254671536
34.345759712591224,179.97195772156314,175.0742916401705,179.62983725150875,174.85723467214996,176.47962832966525,173.60663727377977,175.941261074497,173.074563746789
55,179.97195772156314,175.0742916401705,183.308460084204,178.5358575048452,194.51363124496683,186.32745045333473,199.285326846803,184.103325279471
44.382602822421205,179.97195772156314,175.0742916401705,181.41744888564418,176.6448463062854,182.8614458143204,175.3571816760934,182.203830559317,175.258080514066
39.397145763977115,179.97195772156314,175.0742916401705,180.52951420920903,175.75691162985024,178.50747151631188,173.81459844374186,177.892282168685,173.422973491365
41.23283608003691,179.97195772156314,175.0742916401705,180.85645977662995,176.08385719727116,180.47938063069105,174.68269034521893,179.204128277243,173.926360877834
30.478949993560374,179.97195772156314,175.0742916401705,178.9411392251385,174.1685366457797,176.35426176044842,173.82201808120692,176.092123268946,173.835582078286
35.82363428636768,179.97195772156314,175.0742916401705,179.89305405712847,175.12045147776968,176.83375493430069,173.53495223303702,176.260242280913,173.01910646706
37.25217210547408,179.97195772156314,175.0742916401705,180.14748374157136,175.37488116221257,176.86647668021985,173.0577200829192,176.766552202997,173.089236458126
31.204550610214298,179.97195772156314,175.0742916401705,179.07037230070546,174.29776972134667,176.03758841028278,173.45022875220118,175.955131314881,173.624851397536
31.33596634402479,179.97195772156314,175.0742916401705,179.0937780959438,174.32117551658501,176.03758841028278,173.45022875220116,175.935690643408,173.590041796886
39.01234538069317,179.97195772156314,175.0742916401705,180.4609793487503,175.6883767693915,178.30065097966448,173.9330972825901,177.658033689784,173.342916880087
31.758964991966643,179.97195772156314,175.0742916401705,179.16911625715747,174.39651367779868,175.81604036803205,173.1858450266583,175.884297886489,173.484986351418
33.58091527821118,179.97195772156314,175.0742916401705,179.4936146569897,174.72101207763092,175.88783126703683,173.08763769052717,175.857971463828,173.154385012018
32.44364344788696,179.97195772156314,175.0742916401705,179.2910608925425,174.51845831318371,175.78652425062336,173.16467711540633,175.837275188016,173.337542403885
41.747603138432794,179.97195772156314,175.0742916401705,180.94814234777195,176.17553976841316,180.54426997078482,174.68169462133844,179.629692047292,174.103580217095
38.86925319399158,179.97195772156314,175.0742916401705,180.43549391922804,175.66289133986925,177.78299442245233,173.63655563714687,177.574527729512,173.315398132566
32.570638818495055,179.97195772156314,175.0742916401705,179.3136793991283,174.5410768197695,175.78652425062336,173.16467711540633,175.833468478063,173.313266204359
32.719231228877966,179.97195772156314,175.0742916401705,179.34014444582058,174.5675418664618,175.85493121893708,173.23325198106352,175.83096703801,173.286081958014
42.84349341968772,179.97195772156314,175.0742916401705,181.14332585269182,176.37072327333303,180.60297242587762,173.80798856465788,180.619843039174,174.533467180659
33.62944424832146,179.97195772156314,175.0742916401705,179.50225790772228,174.7296553283635,175.88783126703683,173.08763769052715,175.861598574003,173.14828441354
45.744105132456724,179.97195772156314,175.0742916401705,181.65993921280074,176.88733663344195,183.61373691442486,176.11554079897118,183.793342815414,176.016770471293
34.21313251921439,179.97195772156314,175.0742916401705,179.6062156893015,174.83361310994272,176.47962832966525,173.6066372737798,175.922820100362,173.085906203218
32.4240361616491,179.97195772156314,175.0742916401705,179.28756873742867,174.51496615806988,175.78652425062336,173.16467711540633,175.837999984929,173.341376161888
19.682123991054997,179.97195772156314,175.0742916401705,177.0181708612202,172.2455682818614,183.97037122197437,179.47319073438405,184.062619918996,180.678770672416
29.823668854780315,179.97195772156314,175.0742916401705,178.82443039802078,174.051827818662,176.22016732779733,173.85639307448125,176.258986075901,174.05285730079
23.804505225051976,179.97195772156314,175.0742916401705,177.75238744442225,172.97978486506346,179.64372707275805,177.15883042950443,179.707382738781,177.245951400421
50.44939415451045,179.97195772156314,175.0742916401705,182.49797456971044,177.72537199035165,189.30145362617142,180.71169075515314,190.647792872973,179.489498632312
38.69257834118434,179.97195772156314,175.0742916401705,180.40402724998938,175.6314246706306,177.78299442245233,173.63655563714687,177.474117405888,173.283104603941
39.219509972439205,179.97195772156314,175.0742916401705,180.4978763920072,175.72527381264842,178.30065097966448,173.9330972825901,177.782391065668,173.384920164186
34.70646981658322,179.97195772156314,175.0742916401705,179.69408151351325,174.92147893415446,176.40532307834766,173.49219009732758,175.999900873111,173.049018666862
18,179.97195772156314,175.0742916401705,176.71857621940265,171.94597364004386,185.4522284641953,180.38444263352895,186.305335341328,182.370505775909
34.62299587303403,179.97195772156314,175.0742916401705,179.6792143893585,174.9066118099997,176.40532307834766,173.49219009732758,175.98522722133,173.054240516835
35.03789177276078,179.97195772156314,175.0742916401705,179.7531094108499,174.9805068314911,176.33591795076538,173.39832762033345,176.064717342727,173.032383975767
25.197570053831875,179.97195772156314,175.0742916401705,178.0004992130114,173.22789663365262,178.39779400372663,176.10046264492183,178.601998550086,176.31488895485
37.00740172342871,179.97195772156314,175.0742916401705,180.103888920187,175.3312863408282,177.3773651499688,173.503393577738,176.665983082804,173.068584961598
47.841599494979356,179.97195772156314,175.0742916401705,182.03351338188452,177.26091080252573,184.89427260849854,177.30062603005888,186.588056732311,177.401809027726
34.71584098092439,179.97195772156314,175.0742916401705,179.69575056445072,174.92314798509193,176.40532307834766,173.49219009732758,176.001589691658,173.048458368058
43.2353447235526,179.97195772156314,175.0742916401705,181.21311651714424,176.44051393778545,182.2492965493531,174.81182265437673,181.001683870083,174.704553266453
31.799656651582794,179.97195772156314,175.0742916401705,179.17636364394494,174.40376106458615,175.81604036803205,173.18584502665828,175.880253706806,173.47544253449
35.53794572260798,179.97195772156314,175.0742916401705,179.84217150424524,175.06956892488645,176.61091077101403,173.44741693710776,176.182339229619,173.019676525989
51.28646284224905,179.97195772156314,175.0742916401705,182.64706066265796,177.87445808329917,190.69551340141984,181.84113693448657,192.088415278809,180.245557194411
40.19615044785022,179.97195772156314,175.0742916401705,180.67182091391595,175.89921833455716,179.44754382300871,174.20462391953677,178.423780905334,173.617392894844
45.23481224106965,179.97195772156314,175.0742916401705,181.5692316180059,176.7966290386471,183.5778720865698,176.05144899782164,183.178063232418,175.720034873063
29.974405302392878,179.97195772156314,175.0742916401705,178.85127730839807,174.07867472903928,176.2201673277973,173.85639307448125,176.216975607878,174.00061022923
45.802656186863196,179.97195772156314,175.0742916401705,181.6703674465494,176.8977648671906,183.61373691442486,176.11554079897118,183.865664040255,176.051875650089
48.38071981052322,179.97195772156314,175.0742916401705,182.12953338914366,177.35693080978487,185.55477410976388,177.85124202642209,187.374163453015,177.800168633569
44.381836459560986,179.97195772156314,175.0742916401705,181.41731239261046,176.64470981325167,182.8614458143204,175.3571816760934,182.202985635185,175.257684575568
35.04943149273177,179.97195772156314,175.0742916401705,179.75516469232127,174.98256211296248,176.33591795076538,173.39832762033345,176.067162890948,173.031922722725
45.444097758621865,179.97195772156314,175.0742916401705,181.6065064086884,176.83390382932961,183.5778720865698,176.05144899782164,183.427908329682,175.840102285247
34.256105341966276,179.97195772156314,175.0742916401705,179.61386936257927,174.84126678322048,176.47962832966525,173.6066372737798,175.928611490428,173.0821162909
25.97000146909735,179.97195772156314,175.0742916401705,178.13807308652827,173.36547050716948,177.8465422104328,175.85387527349,178.068841104336,175.848480104394
39.6987710821414,179.97195772156314,175.0742916401705,180.58323517724648,175.8106325978877,179.45897363504784,174.3224773927874,178.08577007882,173.491896095789
35.7133110521847,179.97195772156314,175.0742916401705,179.87340494088912,175.10080236153033,176.83375493430069,173.53495223303702,176.229236241014,173.01875002725
33.136284597966934,179.97195772156314,175.0742916401705,179.41442372332654,174.64182114396775,175.94356247313863,173.27115865980787,175.835194977815,173.216814554701
46.90220703438152,179.97195772156314,175.0742916401705,181.86620291651127,177.09360033715248,183.63253626612138,176.11103106973053,185.284529354433,176.749077896879
32.16725391199681,179.97195772156314,175.0742916401705,179.2418345427327,174.46923196337391,175.8243439223635,173.19890093032058,175.850876297775,173.39369919111
38.349187399738724,179.97195772156314,175.0742916401705,180.3428676168988,175.57026503754,178.85929393703287,174.99226354041522,177.287472235816,173.225660093422
18.220515680657886,179.97195772156314,175.0742916401705,176.7578511579406,171.9852485785818,185.4522284641953,180.38444263352895,185.995961011254,182.139124700253
24.03615855287959,179.97195772156314,175.0742916401705,177.79364605326762,173.02104347390883,179.71526262245578,177.0481488333412,179.510738984802,177.083106541005
29.524297147012266,179.97195772156314,175.0742916401705,178.7711108091938,173.998508229835,176.56826139351242,174.2804237945147,176.348846722429,174.160638968541
32.45504125994755,179.97195772156314,175.0742916401705,179.29309089950985,174.52048832015106,175.78652425062336,173.16467711540633,175.836870710833,173.335324353245
32.47607796319906,179.97195772156314,175.0742916401705,179.29683764089702,174.52423506153823,175.78652425062336,173.16467711540633,175.836156710836,173.331250878011
42.07457858814323,179.97195772156314,175.0742916401705,181.00637830021068,176.2337757208519,181.63359992727433,175.64089565868642,179.913130209893,174.224350767007
19.916629554584922,179.97195772156314,175.0742916401705,177.0599374674178,172.287334888059,183.56024624080592,179.25344804919874,183.771393856943,180.456320077554
40.85743462582502,179.97195772156314,175.0742916401705,180.78959891214524,176.01699633278645,179.7164820463897,174.2305373366325,178.909714005298,173.807080048212
41.324357311649486,179.97195772156314,175.0742916401705,180.87276016277835,176.10015758341956,180.47938063069108,174.68269034521893,179.277942856997,173.956714565033
36.558825311213134,179.97195772156314,175.0742916401705,180.02399523205213,175.25139265269334,176.9577401976973,173.64356772206082,176.496506346551,173.040007185403
42.369423941844396,179.97195772156314,175.0742916401705,181.05889172288548,176.2862891435267,180.83132007304397,174.34349952185553,180.177458760224,174.338717797799
44.93164966018734,179.97195772156314,175.0742916401705,181.51523685583916,176.74263427648037,183.26980507127993,175.6910076486166,182.823555527062,175.55073995708
29.550633583103696,179.97195772156314,175.0742916401705,178.77580145933584,174.00319887997705,176.56826139351242,174.28042379451466,176.340598588867,174.150942860529
39.122643709588594,179.97195772156314,175.0742916401705,180.48062402923415,175.70802144987536,178.30065097966448,173.9330972825901,177.723734440141,173.364961808194
31.254311319511235,179.97195772156314,175.0742916401705,179.07923493030808,174.3066323509493,176.03758841028278,173.45022875220116,175.947576336113,173.611549612498
30.983541423722176,179.97195772156314,175.0742916401705,179.03100946632608,174.2584068869673,175.95219319064205,173.39072968890306,175.991539794253,173.685713908582
19.208065002862064,179.97195772156314,175.0742916401705,176.93373859967272,172.16113602031393,183.33479357472754,178.80961240467923,184.667357747654,181.138470798147
30.44443284447214,179.97195772156314,175.0742916401705,178.93499154935915,174.16238897000036,176.35507646612433,173.92682399364654,176.0998911108,173.846388552406
38.80264442301006,179.97195772156314,175.0742916401705,180.423630566116,175.6510279867572,177.78299442245233,173.63655563714687,177.536322116977,173.303004552394
44.737741510221696,179.97195772156314,175.0742916401705,181.48070085073886,176.70809827138007,182.8614458143204,175.3571816760934,182.601402137581,175.445328440356
35.94151654314185,179.97195772156314,175.0742916401705,179.91404947285446,175.14144689349567,176.83375493430069,173.53495223303702,176.294655511026,173.02028904646
35.70693371530648,179.97195772156314,175.0742916401705,179.8722691055001,175.0996665261413,176.83375493430069,173.53495223303702,176.22747939592,173.018751602792
33.39506335587291,179.97195772156314,175.0742916401705,179.46051350606376,174.68791092670497,175.88783126703683,173.08763769052717,175.846157774058,173.179046723411
31.01133154660026,179.97195772156314,175.0742916401705,179.03595902530864,174.26335644594985,175.95219319064205,173.39072968890306,175.986705681956,173.677900913873
43.71734031501872,179.97195772156314,175.0742916401705,181.2989623271742,176.5263597478154,182.6565627257767,174.9982951183263,181.491449874147,174.927549578039
42.373046230094936,179.97195772156314,175.0742916401705,181.0595368704232,176.2869342910644,180.83132007304397,174.34349952185553,180.180757690019,174.340155060746
37.91642846222862,179.97195772156314,175.0742916401705,180.26579109961105,175.49318852025226,177.20574008682684,173.5550581217386,177.06826854631,173.163275664663
37.361185237710934,179.97195772156314,175.0742916401705,180.16689952214378,175.394296942785,176.86647668021985,173.0577200829192,176.813181574253,173.099583372598
39.23958734513841,179.97195772156314,175.0742916401705,180.5014522718558,175.72884969249702,178.30065097966448,173.9330972825901,177.794660722073,173.389126885482
42.75031842046095,179.97195772156314,175.0742916401705,181.12673092231324,176.35412834295445,180.60297242587765,173.8079885646579,180.531203266875,174.494132896774
50.26884589427152,179.97195772156314,175.0742916401705,182.46581802735997,177.69321544800118,189.30145362617142,180.71169075515314,190.345824264176,179.331899042516
47.022347581756094,179.97195772156314,175.0742916401705,181.88760054501537,177.11499796565658,183.7215943229352,176.20362257733632,185.446546502802,176.829623542472
32.505376447901675,179.97195772156314,175.0742916401705,179.30205584661607,174.52945326725728,175.78652425062336,173.16467711540633,175.835232621134,173.325621570166
42.584149489281124,179.97195772156314,175.0742916401705,181.09713540992368,176.3245328305649,180.60297242587762,173.80798856465788,180.375177399778,174.425268184086
34.298617902561496,179.97195772156314,175.0742916401705,179.62144106087976,174.84883848152097,176.47962832966525,173.60663727377977,175.934514142526,173.078475277435
33.45018950348853,179.97195772156314,175.0742916401705,179.47033174689352,174.69772916753473,175.88783126703683,173.08763769052717,175.8493182456,173.171516966338
40.833925837849996,179.97195772156314,175.0742916401705,180.78541188018423,176.01280930082544,179.7164820463897,174.2305373366325,178.891724052042,173.799889798545
43.22723886250647,179.97195772156314,175.0742916401705,181.21167282301133,176.43907024365254,182.24929654935306,174.8118226543767,180.993636763101,174.700921466767
32.54247729393315,179.97195772156314,175.0742916401705,179.30866369166023,174.53606111230144,175.78652425062336,173.16467711540633,175.834179907394,173.31856656065
41.125932755359116,179.97195772156314,175.0742916401705,180.83741976326812,176.06481718390933,180.47938063069105,174.68269034521893,179.118919055429,173.891537776035
34.828394132759584,179.97195772156314,175.0742916401705,179.7157968401051,174.9431942607463,176.40532307834766,173.49219009732758,176.022527744818,173.042137825607
46.94022308341202,179.97195772156314,175.0742916401705,181.87297376375747,177.10037118439868,183.63253626612138,176.11103106973053,185.335647538069,176.774471895577
38.58142458164906,179.97195772156314,175.0742916401705,180.38423021305766,175.61162763369887,177.78299442245233,173.63655563714687,177.412470490956,173.263740819452
36.39981463696609,179.97195772156314,175.0742916401705,179.99567464079396,175.22307206143518,176.9577401976973,173.64356772206082,176.44103731809,173.032756244048
38.097929754768536,179.97195772156314,175.0742916401705,180.29811738175022,175.52551480239143,177.20574008682684,173.55505812173854,177.158029153299,173.188080928018
24.688844454051846,179.97195772156314,175.0742916401705,177.90989265567083,173.13729007631204,178.8662283442148,176.5236049016674,178.984215584835,176.641490928219
36.85205466645449,179.97195772156314,175.0742916401705,180.0762208373708,175.30361825801202,177.37736514996882,173.503393577738,176.605119295768,173.057330601857
40.76117481578592,179.97195772156314,175.0742916401705,180.77245456163158,175.9998519822728,179.7164820463897,174.2305373366325,178.836385712994,173.777847333675
32.988544622779855,179.97195772156314,175.0742916401705,179.38811049957866,174.61550792021987,175.8549312189371,173.2332519810635,175.831800000122,173.240166559964
32.44803293098483,179.97195772156314,175.0742916401705,179.29184268129498,174.5192401019362,175.78652425062336,173.16467711540633,175.837117950384,173.336687279651
42.8675473988806,179.97195772156314,175.0742916401705,181.14760998591797,176.37500740655918,180.60297242587762,173.80798856465788,180.642860666634,174.543705722843
41.62592764786942,179.97195772156314,175.0742916401705,180.9264713382583,176.1538687588995,180.54426997078482,174.68169462133844,179.526820862194,174.060265459059
38.06235093612911,179.97195772156314,175.0742916401705,180.29178061734805,175.51917803798926,177.20574008682684,173.55505812173854,177.140186256589,173.183063747479
46.64527807995566,179.97195772156314,175.0742916401705,181.8204425929661,177.0478400136073,183.63253626612138,176.11103106973053,184.94266392934,176.579712635262
40.33168407567504,179.97195772156314,175.0742916401705,180.69596012654137,175.92335754718258,179.44754382300871,174.20462391953677,178.519977652056,173.654146658234
32.03994196371511,179.97195772156314,175.0742916401705,179.21915965209004,174.44655707273125,175.82434392236354,173.19890093032058,175.85959204435,173.421098124004
47.38600991740165,179.97195772156314,175.0742916401705,181.95237061414798,177.1797680347892,183.92266329019895,176.395492323598,185.945357679413,177.078676539224
53.634112155288065,179.97195772156314,175.0742916401705,183.06518867152846,178.29258609216967,192.68576801919414,184.26123128672083,196.485305393953,182.588823244186
46.19539657139185,179.97195772156314,175.0742916401705,181.7403164606862,176.9677138813274,183.32125315509032,175.82158145015666,184.359221418239,176.292631279268
27.470033436155752,179.97195772156314,175.0742916401705,178.40523623399866,173.63263365463987,177.2031228419895,175.20113278546384,177.196011403901,175.044320549176
41.66640678317688,179.97195772156314,175.0742916401705,180.93368087341028,176.1610782940515,180.54426997078482,174.68169462133844,179.560887436947,174.074577507871
40.87909274003658,179.97195772156314,175.0742916401705,180.7934563299124,176.0208537505536,179.7164820463897,174.2305373366325,178.926334387288,173.813733415771
35.98574537070241,179.97195772156314,175.0742916401705,179.92192684683016,175.14932426747137,176.68447050960754,173.338662583066,176.307909070027,173.020946424788
47.44290862194889,179.97195772156314,175.0742916401705,181.96250455617567,177.18990197681688,183.92266329019895,176.395492323598,186.02454284002,177.118356582074
46.3860646794522,179.97195772156314,175.0742916401705,181.77427539822236,177.00167281886357,183.45876924244723,175.94177874581584,184.604138461707,176.412828739597
32.12994269784333,179.97195772156314,175.0742916401705,179.23518923008064,174.46258665072185,175.82434392236354,173.19890093032058,175.853270492443,173.401628898647
31.0180542237566,179.97195772156314,175.0742916401705,179.03715636751733,174.26455378815854,175.95219319064205,173.39072968890306,175.985547330739,173.676017795804
19.92009571386047,179.97195772156314,175.0742916401705,177.06055480760924,172.28795222825045,183.56024624080592,179.25344804919874,183.767128659806,180.453056681496
25.882989729152378,179.97195772156314,175.0742916401705,178.12257586325498,173.3499732838962,177.8465422104328,175.85387527349002,178.12605564138,175.899242072164
31.346167856913528,179.97195772156314,175.0742916401705,179.09559503608386,174.32299245672507,176.03758841028278,173.45022875220116,175.93425039568,173.58738265993
44.38666859529989,179.97195772156314,175.0742916401705,181.418173019998,176.6455704406392,182.8614458143204,175.3571816760934,182.208314058882,175.26018166588
32.438501572431456,179.97195772156314,175.0742916401705,179.29014509897226,174.51754251961347,175.78652425062336,173.16467711540633,175.837461714347,173.338545563794
35.33338606781418,179.97195772156314,175.0742916401705,179.80573841320432,175.03313583384553,176.61091077101403,173.44741693710776,176.131340758392,173.023073404554
33.584134580304294,179.97195772156314,175.0742916401705,179.49418803069022,174.72158545133144,175.88783126703683,173.08763769052715,175.858205122756,173.153975965019
53.27790093450512,179.97195772156314,175.0742916401705,183.00174568297984,178.22914310362106,192.5400476490938,183.99969246131073,195.784335518436,182.212136312169
28.57111617868105,179.97195772156314,175.0742916401705,178.60134454207375,173.82874196271496,177.04813393314856,175.1937030277131,176.691887050801,174.539390118983
44.845071199260374,179.97195772156314,175.0742916401705,181.4998168017121,176.7272142223533,183.26980507127993,175.6910076486166,182.723922694641,175.503397611383
34.724443367667924,179.97195772156314,175.0742916401705,179.69728269227775,174.92468011291896,176.40532307834766,173.49219009732758,176.00314733801,173.047948642075
29.70047308540137,179.97195772156314,175.0742916401705,178.80248861929533,174.02988603993654,176.56826139351242,174.28042379451466,176.29493010052,174.096564180855
33.0031985548274,179.97195772156314,175.0742916401705,179.3907204376964,174.6181178583376,175.85493121893708,173.23325198106352,175.832043745177,173.237792216118
55,179.97195772156314,175.0742916401705,183.308460084204,178.5358575048452,194.5136312449668,186.32745045333473,199.285326846803,184.103325279471
36.26495436588911,179.97195772156314,175.0742916401705,179.97165535635145,175.19905277699266,176.68447050960754,173.338662583066,176.395882640909,173.02778767149
41.016313407027475,179.97195772156314,175.0742916401705,180.81789601259675,176.04529343323796,179.7164820463897,174.2305373366325,179.032676745846,173.856537301103
31.57820792721727,179.97195772156314,175.0742916401705,179.1369225256861,174.3643199463273,175.81604036803205,173.1858450266583,175.90417129022,173.528574022289
29.09001339726533,179.97195772156314,175.0742916401705,178.6937627152694,173.9211601359106,176.4573098772827,174.39150941534066,176.494395737221,174.326487893666
36.149178890613946,179.97195772156314,175.0742916401705,179.95103516887968,175.1784325895209,176.68447050960754,173.338662583066,176.358501693067,173.024387009546
29.279824966446817,179.97195772156314,175.0742916401705,178.72756909897487,173.95496651961608,176.4573098772827,174.39150941534066,176.428568225904,174.252617694818
45.53188533098626,179.97195772156314,175.0742916401705,181.62214181157097,176.84953923221218,183.61373691442486,176.11554079897118,183.533952702619,175.891243364355
22.405861521212586,179.97195772156314,175.0742916401705,177.5032820504618,172.730679471103,180.2401773293314,177.55433920410744,181.003378384609,178.297107936721
35.369288647324446,179.97195772156314,175.0742916401705,179.81213284102645,175.03953026166766,176.61091077101403,173.44741693710776,176.140002845121,173.022296754822
34.771649453063,179.97195772156314,175.0742916401705,179.70569033066872,174.93308775130993,176.40532307834766,173.49219009732758,176.011820632518,173.045230005422
46.3050304070075,179.97195772156314,175.0742916401705,181.75984279161483,176.98724021225604,183.45876924244726,175.9417787458158,184.49962467526,176.361479848399
41.633544053356765,179.97195772156314,175.0742916401705,180.92782785792394,176.15522527856515,180.54426997078482,174.68169462133844,179.533218768884,174.062950902278
36.46681661561683,179.97195772156314,175.0742916401705,180.00760802614587,175.23500544678708,176.9577401976973,173.64356772206082,176.464116224187,173.035627834394
45.71645604522262,179.97195772156314,175.0742916401705,181.6550147729672,176.88241219360842,183.61373691442486,176.11554079897118,183.759304799183,176.000264067791
44.618633030819396,179.97195772156314,175.0742916401705,181.45948703866927,176.68688445931048,182.8614458143204,175.3571816760934,182.466721736992,175.381690309195
41.97468439448417,179.97195772156314,175.0742916401705,180.9885866479139,176.21598406855512,181.63359992727433,175.64089565868642,179.825455428887,174.186778150734
34.068585367073744,179.97195772156314,175.0742916401705,179.58047112320435,174.80786854384556,176.70111617445332,173.81773698048815,175.904632153249,173.099462084379
37.7426278365615,179.97195772156314,175.0742916401705,180.234836344509,175.46223376515022,177.61414668292767,173.9652753813414,176.985260795427,173.141363159256
27.11622930756308,179.97195772156314,175.0742916401705,178.34222196053074,173.56961938117195,177.00475678460944,175.1357013436968,177.382543338702,175.221907208978
44.021691803608626,179.97195772156314,175.0742916401705,181.35316883971169,176.5805662603529,182.67379032304055,175.0324600896968,181.812119775858,175.075490870933
36.83863881104481,179.97195772156314,175.0742916401705,180.07383140685468,175.3012288274959,177.3773651499688,173.503393577738,176.599971026193,173.05642614418
42.34856442078747,179.97195772156314,175.0742916401705,181.0551765385276,176.28257395916881,180.83132007304397,174.34349952185553,180.158485700967,174.330456310599
